{"cameraMode":{"drawMode":0,"name":"Shaded","section":"Shading Mode"},"sceneLighting":true,"audioPlay":false,"sceneViewState":{"m_AlwaysRefresh":false,"showFog":true,"showSkybox":false,"showFlares":true,"showImageEffects":true,"showParticleSystems":true,"showVisualEffectGraphs":true,"m_FxEnabled":true},"in2DMode":false,"pivot":{"x":1845.099365234375,"y":1619.4954833984375,"z":-1147.2205810546875},"rotation":{"x":0.2041417956352234,"y":-0.04550681635737419,"z":0.009502284228801728,"w":0.9778522849082947},"size":296.1222839355469,"orthographic":false}